City,Lat,Lng,Max Temp,Humidity,Cloudiness,Wind Speed,Country,Date
Mwingi,-0.9344,38.0601,81.68,40.0,67.0,11.99,KE,1627036471.0
Bhag,29.0415,67.8239,110.82,17.0,2.0,5.23,PK,1627036473.0
Saint George,37.1041,-113.5841,76.62,82.0,1.0,3.0,US,1627036212.0
Arraial do Cabo,-22.9661,-42.0278,58.86,94.0,40.0,2.3,BR,1627036476.0
Aklavik,68.2191,-135.0107,52.52,92.0,32.0,10.6,CA,1627036477.0
Lebu,-37.6167,-73.65,50.83,91.0,100.0,14.9,CL,1627036478.0
Ushuaia,-54.8,-68.3,38.86,70.0,75.0,3.44,AR,1627036372.0
Mataura,-46.1927,168.8643,46.47,94.0,54.0,3.29,NZ,1627036481.0
Hithadhoo,-0.6,73.0833,82.02,77.0,99.0,16.87,MV,1627036475.0
Shelburne,44.0787,-80.2041,56.75,85.0,35.0,3.58,CA,1627036212.0
Kununurra,-15.7667,128.7333,75.18,43.0,11.0,5.75,AU,1627036485.0
Severo-Kuril'sk,50.6789,156.125,53.26,95.0,99.0,5.57,RU,1627036487.0
Nikolskoye,59.7035,30.7861,67.89,49.0,81.0,9.48,RU,1627036488.0
Rikitea,-23.1203,-134.9692,73.06,79.0,16.0,19.17,PF,1627036489.0
George Town,5.4112,100.3354,88.9,70.0,20.0,6.91,MY,1627036491.0
Punta Arenas,-53.15,-70.9167,35.71,87.0,40.0,17.27,CL,1627036452.0
Upernavik,72.7868,-56.1549,40.05,97.0,100.0,7.65,GL,1627036494.0
Mar del Plata,-38.0023,-57.5575,55.0,71.0,83.0,10.0,AR,1627036495.0
Qaanaaq,77.484,-69.3632,39.47,70.0,22.0,5.01,GL,1627036497.0
Castro,-24.7911,-50.0119,46.33,77.0,0.0,3.44,BR,1627036498.0
Bud,39.447,-86.1758,68.34,95.0,43.0,3.87,US,1627036500.0
Zhigansk,66.7697,123.3711,67.19,56.0,100.0,6.04,RU,1627036501.0
Henties Bay,-22.116,14.2845,78.3,22.0,0.0,7.11,NA,1627036503.0
Cape Town,-33.9258,18.4232,61.11,38.0,0.0,3.44,ZA,1627036383.0
Cockburn Town,21.4612,-71.1419,81.84,80.0,99.0,18.95,TC,1627036505.0
Matara,5.9485,80.5353,80.4,85.0,85.0,13.06,LK,1627036508.0
East London,-33.0153,27.9116,58.14,62.0,20.0,19.57,ZA,1627036509.0
Comodoro Rivadavia,-45.8667,-67.5,44.46,49.0,0.0,20.71,AR,1627036380.0
Batagay,67.6333,134.6333,68.92,49.0,50.0,4.09,RU,1627036512.0
Lompoc,34.6391,-120.4579,60.48,89.0,90.0,0.0,US,1627036348.0
Bathsheba,13.2167,-59.5167,81.21,83.0,20.0,18.41,BB,1627036516.0
Cabo San Lucas,22.8909,-109.9124,81.61,79.0,0.0,1.99,MX,1627036518.0
Saskylakh,71.9167,114.0833,64.26,68.0,100.0,2.77,RU,1627036520.0
Saint-Louis,16.3333,-15.0,80.24,46.0,5.0,9.53,SN,1627036522.0
Simao,22.7886,100.9748,73.69,93.0,95.0,1.12,CN,1627036523.0
Narrabri,-30.3167,149.7833,55.53,82.0,91.0,10.36,AU,1627036525.0
Busselton,-33.65,115.3333,51.08,61.0,97.0,16.42,AU,1627036528.0
Zverinogolovskoye,54.4586,64.8542,91.85,36.0,66.0,7.87,RU,1627036529.0
Awjilah,29.1081,21.2869,93.04,34.0,3.0,9.8,LY,1627036531.0
Kahului,20.8947,-156.47,76.84,88.0,20.0,17.27,US,1627036391.0
Bredasdorp,-34.5322,20.0403,56.52,54.0,3.0,11.5,ZA,1627036533.0
Iqaluit,63.7506,-68.5145,51.53,76.0,75.0,5.01,CA,1627036535.0
Barrow,71.2906,-156.7887,35.62,93.0,90.0,12.66,US,1627036536.0
Yulara,-25.2406,130.9889,60.64,31.0,2.0,5.75,AU,1627036538.0
Nelson Bay,-32.7167,152.15,57.99,88.0,72.0,8.3,AU,1627036539.0
Bluff,-46.6,168.3333,46.8,81.0,90.0,12.62,NZ,1627036541.0
Terrace,54.5163,-128.6035,55.42,87.0,90.0,3.44,CA,1627036281.0
Nanortalik,60.1432,-45.2371,42.8,89.0,71.0,11.01,GL,1627036543.0
Cidreira,-30.1811,-50.2056,56.8,84.0,9.0,6.67,BR,1627036545.0
Souillac,-20.5167,57.5167,77.38,61.0,75.0,17.27,MU,1627036546.0
Alyangula,-13.8483,136.4192,73.27,73.0,16.0,3.44,AU,1627036548.0
Kavaratti,10.5669,72.642,82.15,83.0,100.0,21.12,IN,1627036549.0
Hasaki,35.7333,140.8333,79.29,81.0,30.0,8.66,JP,1627036551.0
Inta,66.0317,60.1659,64.87,37.0,58.0,8.84,RU,1627036552.0
Tuktoyaktuk,69.4541,-133.0374,42.87,83.0,72.0,13.78,CA,1627036554.0
Hobart,-42.8794,147.3294,50.25,68.0,20.0,4.0,AU,1627036391.0
Gizo Government Station,-8.103,156.8419,81.79,78.0,84.0,3.67,SB,1627036556.0
Bethel,41.3712,-73.414,65.91,86.0,1.0,4.61,US,1627036558.0
Atambua,-9.1061,124.8925,69.96,74.0,3.0,3.89,ID,1627036559.0
Yellowknife,62.456,-114.3525,58.32,100.0,90.0,5.75,CA,1627036321.0
Albany,42.6001,-73.9662,62.37,88.0,42.0,4.23,US,1627036539.0
Batagay-Alyta,67.8006,130.4114,70.0,51.0,84.0,3.83,RU,1627036563.0
Dikson,73.5069,80.5464,38.82,90.0,100.0,12.24,RU,1627036387.0
Aligoodarz,33.4006,49.6949,95.54,11.0,1.0,18.92,IR,1627036567.0
Ruteng,-8.6136,120.4721,61.34,90.0,34.0,2.53,ID,1627036569.0
Mīnāb,27.1467,57.0801,101.7,40.0,0.0,11.97,IR,1627036570.0
Talnakh,69.4865,88.3972,64.4,39.0,93.0,7.0,RU,1627036572.0
Vila Franca do Campo,37.7167,-25.4333,70.21,67.0,70.0,4.65,PT,1627036573.0
Okara,30.8081,73.4458,101.12,33.0,48.0,10.54,PK,1627036575.0
Gravdal,68.1214,13.5031,51.69,82.0,75.0,8.05,NO,1627036576.0
Sioux Lookout,50.1001,-91.917,66.58,94.0,90.0,4.61,CA,1627036578.0
Vaini,-21.2,-175.2,73.56,94.0,40.0,5.75,TO,1627036579.0
São Filipe,14.8961,-24.4956,73.09,77.0,15.0,9.55,CV,1627036581.0
Isabela,6.7085,121.9711,84.25,88.0,71.0,7.09,PH,1627036582.0
Tautira,-17.7333,-149.15,71.62,69.0,7.0,12.06,PF,1627036583.0
Kapaa,22.0752,-159.319,75.11,83.0,44.0,16.13,US,1627036586.0
Kontagora,10.3999,5.4695,76.87,78.0,100.0,7.52,NG,1627036588.0
Lithakia,37.7167,20.8333,87.17,62.0,20.0,6.91,GR,1627036589.0
Tasiilaq,65.6145,-37.6368,41.16,97.0,100.0,0.72,GL,1627036591.0
Vredendal,-31.6683,18.5012,60.08,31.0,0.0,17.98,ZA,1627036592.0
Esperance,-33.8667,121.9,51.64,70.0,91.0,27.69,AU,1627036594.0
Coquimbo,-29.9533,-71.3436,49.73,93.0,90.0,4.61,CL,1627036595.0
Portland,45.5234,-122.6762,60.78,76.0,1.0,1.99,US,1627035913.0
Saint Paul Harbor,57.79,-152.4072,52.23,98.0,100.0,17.65,US,1627036598.0
Puerto Ayora,-0.7393,-90.3518,71.55,84.0,93.0,8.01,EC,1627036599.0
Atuona,-9.8,-139.0333,76.68,76.0,64.0,10.42,PF,1627036601.0
Deputatsky,69.3,139.9,58.69,60.0,41.0,6.11,RU,1627036602.0
Dunn,44.95,-91.8835,71.94,97.0,29.0,5.97,US,1627036604.0
Haines Junction,60.7522,-137.5108,39.15,87.0,17.0,0.0,CA,1627036605.0
Torbay,47.6666,-52.7314,53.76,99.0,90.0,5.75,CA,1627036607.0
Avarua,-21.2078,-159.775,73.45,94.0,75.0,6.91,CK,1627036443.0
Saint-Cyr-sur-Loire,47.4,0.6667,87.98,48.0,0.0,14.97,FR,1627036609.0
Araouane,18.9048,-3.5265,100.74,28.0,61.0,11.52,ML,1627036611.0
Taraz,42.9,71.3667,95.41,13.0,0.0,6.71,KZ,1627036612.0
Biltine,14.5333,20.9167,87.1,47.0,28.0,9.6,TD,1627036614.0
New Norfolk,-42.7826,147.0587,49.91,64.0,50.0,3.0,AU,1627036615.0
Altay,47.8667,88.1167,88.2,27.0,29.0,9.42,CN,1627036617.0
Saint-Philippe,-21.3585,55.7679,76.55,70.0,9.0,12.75,RE,1627036618.0
Kimbe,-5.5502,150.1429,76.68,94.0,100.0,4.34,PG,1627036620.0
Fairbanks,64.8378,-147.7164,64.4,77.0,90.0,0.0,US,1627036514.0
Bowen,-20.0167,148.2333,68.22,80.0,76.0,10.07,AU,1627036624.0
Mezen',65.8522,44.24,50.92,59.0,100.0,10.49,RU,1627036625.0
Soubre,5.7856,-6.6083,74.25,91.0,100.0,3.49,CI,1627036627.0
Azogues,-2.7333,-78.8333,48.15,94.0,100.0,3.78,EC,1627036501.0
Ostrovnoy,68.0531,39.5131,44.64,90.0,95.0,19.89,RU,1627036629.0
Jalu,29.0331,21.5482,93.74,33.0,4.0,10.02,LY,1627036631.0
College,64.8569,-147.8028,64.38,76.0,75.0,0.0,US,1627036541.0
Isangel,-19.55,169.2667,74.79,88.0,22.0,5.46,VU,1627036634.0
Vytegra,61.0064,36.4481,61.9,58.0,60.0,12.66,RU,1627036635.0
Lavrentiya,65.5833,-171.0,42.17,84.0,100.0,3.22,RU,1627036637.0
Port Alfred,-33.5906,26.891,54.9,63.0,95.0,12.77,ZA,1627036638.0
Bereda,43.2686,-7.5406,69.15,70.0,69.0,7.7,ES,1627036640.0
Jipijapa,-1.3333,-80.5833,66.88,93.0,94.0,2.13,EC,1627036641.0
Hermanus,-34.4187,19.2345,58.89,57.0,1.0,16.26,ZA,1627036643.0
Pevek,69.7008,170.3133,44.8,67.0,4.0,8.03,RU,1627036644.0
Sault Ste. Marie,46.5168,-84.3333,59.9,91.0,1.0,4.61,CA,1627036646.0
Mount Gambier,-37.8333,140.7667,46.31,93.0,90.0,11.5,AU,1627036647.0
Kruisfontein,-34.0033,24.7314,48.88,66.0,87.0,4.27,ZA,1627036649.0
Menongue,-14.6585,17.691,75.92,11.0,87.0,8.72,AO,1627036650.0
Ifakara,-8.1333,36.6833,86.4,34.0,29.0,6.46,TZ,1627036653.0
Saint-François,46.4154,3.9054,84.47,52.0,0.0,9.22,FR,1627036654.0
Hilo,19.7297,-155.09,73.13,94.0,90.0,3.44,US,1627036620.0
Yazoo City,32.8551,-90.4056,77.7,95.0,29.0,4.54,US,1627036657.0
Hong Kong,22.2855,114.1577,91.45,75.0,32.0,1.99,HK,1627036635.0
Thompson,55.7435,-97.8558,69.96,83.0,90.0,6.91,CA,1627036660.0
Irbit,57.6705,63.071,72.99,51.0,96.0,4.63,RU,1627036661.0
Tilichiki,60.4667,166.1,47.7,96.0,66.0,5.08,RU,1627036663.0
Port Elizabeth,-33.918,25.5701,53.89,58.0,90.0,6.91,ZA,1627036664.0
Ryl'sk,51.5655,34.6822,74.57,43.0,4.0,10.38,RU,1627036392.0
Aitape,-3.1374,142.3475,79.03,89.0,85.0,8.59,PG,1627036667.0
Asău,46.4333,26.4,76.95,48.0,38.0,4.85,RO,1627036669.0
Hull,53.7446,-0.3353,67.06,82.0,75.0,4.61,GB,1627036570.0
Davila,18.4726,120.5763,78.78,86.0,100.0,23.4,PH,1627036671.0
Cape Coast,5.1053,-1.2466,78.4,77.0,91.0,12.24,GH,1627036675.0
Butaritari,3.0707,172.7902,82.87,79.0,53.0,16.15,KI,1627036677.0
Jamestown,42.097,-79.2353,61.72,93.0,90.0,1.59,US,1627036524.0
Ponta do Sol,32.6667,-17.1,79.72,69.0,8.0,3.71,PT,1627036679.0
Mahébourg,-20.4081,57.7,77.29,61.0,75.0,17.27,MU,1627036681.0
Rocha,-34.4833,-54.3333,50.31,76.0,56.0,7.52,UY,1627036682.0
Paraná,-31.732,-60.5238,55.54,86.0,23.0,8.3,AR,1627036684.0
Codrington,-38.2667,141.9667,47.39,83.0,99.0,13.82,AU,1627036685.0
Naberera,-4.2,36.9333,68.23,53.0,88.0,11.48,TZ,1627036687.0
Havelock,34.8791,-76.9013,77.94,85.0,20.0,4.61,US,1627036628.0
Magdalena,14.1999,121.429,80.24,92.0,100.0,11.27,PH,1627036690.0
Tuatapere,-46.1333,167.6833,46.81,89.0,88.0,6.46,NZ,1627036691.0
Sāyla,22.55,71.4667,94.89,46.0,100.0,16.02,IN,1627036693.0
Kitimat,54.0524,-128.6534,55.9,95.0,100.0,1.23,CA,1627036694.0
Ust-Nera,64.5667,143.2,58.23,85.0,91.0,3.02,RU,1627036696.0
Sayansk,54.1088,102.1648,72.55,49.0,33.0,7.96,RU,1627036429.0
Chui,-33.6971,-53.4616,49.42,81.0,77.0,6.49,UY,1627036698.0
Matagami,49.7502,-77.6328,44.71,93.0,1.0,3.44,CA,1627036700.0
Leh,34.1667,77.5833,73.56,28.0,71.0,6.67,IN,1627036701.0
Khatanga,71.9667,102.5,58.28,85.0,100.0,9.26,RU,1627036703.0
San Ramon,37.7799,-121.978,59.43,85.0,1.0,1.01,US,1627036661.0
Blagoveshchenka,52.8333,79.8667,75.38,57.0,100.0,6.93,RU,1627036705.0
Lata,40.1629,-8.3327,79.48,49.0,99.0,6.73,PT,1627036707.0
Dingle,10.9995,122.6711,79.77,76.0,100.0,12.35,PH,1627036708.0
Umluj,25.0213,37.2685,90.79,54.0,6.0,13.87,SA,1627036710.0
Provideniya,64.3833,-173.3,46.92,77.0,80.0,1.97,RU,1627036711.0
Luena,-11.7833,19.9167,78.01,15.0,36.0,9.89,AO,1627036714.0
Carnarvon,-24.8667,113.6333,66.27,66.0,40.0,16.11,AU,1627036715.0
Ilulissat,69.2167,-51.1,44.62,87.0,90.0,4.61,GL,1627036717.0
Flinders,-34.5833,150.8552,54.81,87.0,100.0,1.01,AU,1627036718.0
Herat Province,34.5,62.0,95.59,10.0,0.0,16.82,AF,1627036720.0
Te Anau,-45.4167,167.7167,41.74,93.0,81.0,2.77,NZ,1627036721.0
Bayan,46.0833,127.4,80.51,74.0,8.0,7.74,CN,1627036723.0
Mogadishu,2.0371,45.3438,82.27,61.0,75.0,21.85,SO,1627036724.0
Kerman,30.2832,57.0788,93.06,13.0,40.0,4.61,IR,1627036726.0
Tamiahua,21.2667,-97.45,76.26,91.0,5.0,2.17,MX,1627036729.0
Poshekhon'ye,58.4993,39.1353,64.89,61.0,51.0,12.17,RU,1627036730.0
High Level,58.5169,-117.136,60.91,88.0,20.0,9.22,CA,1627036731.0
Zaysan,47.4667,84.8667,87.58,28.0,0.0,16.11,KZ,1627036733.0
Faya,18.3851,42.4509,62.71,74.0,100.0,6.13,SA,1627036734.0
Kirakira,-10.4544,161.9205,79.09,87.0,75.0,7.67,SB,1627036737.0
Lakes Entrance,-37.8811,147.981,48.18,79.0,94.0,6.93,AU,1627036740.0
Saint-Michel-des-Saints,46.6834,-73.9159,56.17,83.0,95.0,3.06,CA,1627036657.0
Rio Grande,-32.035,-52.0986,47.95,86.0,62.0,8.32,BR,1627036742.0
Bilma,18.6853,12.9164,99.95,26.0,20.0,9.44,NE,1627036744.0
Narsaq,60.9167,-46.05,46.62,88.0,94.0,5.77,GL,1627036748.0
Buraidah,26.326,43.975,109.85,7.0,1.0,10.87,SA,1627036482.0
Gunib,42.3876,46.9651,74.88,69.0,35.0,8.16,RU,1627036750.0
Lovozero,68.005,35.0117,44.64,83.0,100.0,23.64,RU,1627036752.0
Tiksi,71.6872,128.8694,43.2,75.0,100.0,3.13,RU,1627036753.0
Bengkulu,-3.8004,102.2655,80.82,76.0,35.0,3.53,ID,1627036755.0
North Myrtle Beach,33.816,-78.68,75.38,98.0,75.0,4.61,US,1627036757.0
Pierre,44.3683,-100.351,76.98,71.0,1.0,6.91,US,1627036759.0
Westport,41.1415,-73.3579,68.99,75.0,1.0,1.01,US,1627036727.0
Svetogorsk,61.1121,28.8632,69.13,43.0,76.0,10.0,RU,1627036762.0
Tazovsky,67.4667,78.7,58.6,79.0,100.0,16.44,RU,1627036764.0
Hay River,60.8156,-115.7999,58.98,94.0,90.0,9.22,CA,1627036536.0
Manta,-0.95,-80.7333,70.29,87.0,98.0,3.47,EC,1627036766.0
Caramay,10.1815,119.236,83.97,72.0,100.0,7.56,PH,1627036768.0
Kloulklubed,7.0419,134.2556,82.9,73.0,100.0,11.12,PW,1627036769.0
Hofn,64.2539,-15.2082,53.62,94.0,90.0,3.44,IS,1627036772.0
San Quintín,30.4833,-115.95,67.86,90.0,67.0,5.82,MX,1627036773.0
Saldanha,-33.0117,17.9442,57.25,49.0,0.0,2.44,ZA,1627036775.0
Airai,-8.9266,125.4092,55.89,74.0,7.0,2.59,TL,1627036778.0
Leningradskiy,69.3833,178.4167,33.58,94.0,18.0,9.17,RU,1627036779.0
Aswān,24.0934,32.907,106.9,15.0,0.0,11.5,EG,1627036637.0
Tefé,-3.3542,-64.7114,74.44,82.0,90.0,1.39,BR,1627036782.0
Madang,-5.2246,145.7966,77.5,91.0,99.0,1.45,PG,1627036783.0
Korla,41.7597,86.1469,97.72,15.0,83.0,10.58,CN,1627036785.0
Ambilobe,-13.2,49.05,89.17,23.0,7.0,6.89,MG,1627036786.0
Oranjemund,-28.55,16.4333,65.26,25.0,0.0,21.16,NA,1627036788.0
Lorengau,-2.0226,147.2712,81.68,81.0,63.0,8.37,PG,1627036789.0
San Vicente,-26.6167,-54.1333,50.99,55.0,9.0,2.84,AR,1627036791.0
Bambous Virieux,-20.3428,57.7575,77.25,61.0,75.0,17.27,MU,1627036792.0
Phalaborwa,-23.943,31.1411,76.28,25.0,0.0,12.06,ZA,1627036793.0
Luz,-19.8014,-45.6856,57.83,70.0,0.0,2.21,BR,1627036795.0
Kaitangata,-46.2817,169.8464,44.92,78.0,30.0,5.66,NZ,1627036796.0
Vardø,70.3705,31.1107,48.4,76.0,75.0,26.46,NO,1627036798.0
Arrifes,37.7667,-25.7,68.25,73.0,20.0,13.8,PT,1627036799.0
Lodeynoye Pole,60.726,33.5531,62.06,56.0,74.0,7.9,RU,1627036801.0
Kudahuvadhoo,2.6708,72.8944,82.53,75.0,93.0,11.83,MV,1627036803.0
Ati,13.2154,18.3353,87.42,46.0,46.0,7.49,TD,1627036805.0
Warri,5.5167,5.75,82.65,66.0,87.0,10.16,NG,1627036806.0
Imbituba,-28.24,-48.6703,57.09,68.0,19.0,11.01,BR,1627036809.0
Banda Aceh,5.5577,95.3222,84.54,73.0,100.0,15.55,ID,1627036810.0
Valley City,46.9233,-98.0032,77.52,100.0,75.0,9.22,US,1627036812.0
Dalnerechensk,45.9339,133.7225,84.06,63.0,36.0,3.27,RU,1627036814.0
Brae,60.3964,-1.353,53.51,70.0,11.0,8.23,GB,1627036816.0
Vila Velha,-20.3297,-40.2925,64.35,94.0,75.0,3.44,BR,1627036817.0
Meulaboh,4.1363,96.1285,83.05,73.0,98.0,5.44,ID,1627036819.0
Walvis Bay,-22.9575,14.5053,86.95,4.0,0.0,19.57,NA,1627036820.0
Vila,42.0304,-8.1588,64.74,84.0,56.0,10.65,PT,1627036822.0
Maniitsoq,65.4167,-52.9,40.28,96.0,100.0,10.02,GL,1627036823.0
Berezovyy,51.6667,135.7,74.77,97.0,56.0,3.8,RU,1627036825.0
Mareeba,-17.0,145.4333,65.12,92.0,18.0,1.21,AU,1627036826.0
Laguna,38.421,-121.4238,75.22,69.0,1.0,8.05,US,1627036828.0
Miyazu,35.5333,135.1833,76.53,89.0,79.0,4.05,JP,1627036829.0
Izhma,65.0083,53.9113,59.4,69.0,99.0,6.08,RU,1627036831.0
Zarubino,42.63,131.0922,76.86,89.0,100.0,5.73,RU,1627036832.0
Myitkyina,25.3833,97.4,81.64,94.0,73.0,2.26,MM,1627036833.0
Oussouye,12.485,-16.5469,86.18,67.0,98.0,11.83,SN,1627036835.0
Verāval,20.9,70.3667,84.34,83.0,98.0,19.22,IN,1627036836.0
Pudozh,61.8099,36.5345,62.67,45.0,96.0,8.46,RU,1627036838.0
Norman Wells,65.282,-126.8329,59.04,88.0,75.0,14.97,CA,1627036839.0
Olafsvik,64.8945,-23.7142,52.11,97.0,100.0,9.82,IS,1627036841.0
Los Llanos de Aridane,28.6585,-17.9182,71.35,80.0,20.0,18.41,ES,1627036842.0
Ahipara,-35.1667,173.1667,51.3,84.0,7.0,4.88,NZ,1627036844.0
Freeport,40.6576,-73.5832,69.78,75.0,1.0,1.01,US,1627036832.0
Solnechnyy,50.7214,136.6319,78.53,81.0,47.0,5.23,RU,1627036847.0
Great Falls,47.5002,-111.3008,65.41,49.0,1.0,6.91,US,1627036848.0
Wonthaggi,-38.6044,145.5913,49.71,84.0,100.0,9.71,AU,1627036852.0
Poroshkovo,48.6683,22.7533,76.44,56.0,32.0,1.45,UA,1627036854.0
Kathmandu,27.7167,85.3167,80.82,74.0,75.0,6.91,NP,1627036599.0
Pacific Grove,36.6177,-121.9166,57.31,89.0,90.0,1.01,US,1627036856.0
Ugra,54.7777,34.3267,72.27,45.0,28.0,10.85,RU,1627036858.0
Sept-Îles,50.2001,-66.3821,63.12,72.0,75.0,6.91,CA,1627036859.0
Ogbomosho,8.133,4.25,80.78,81.0,100.0,6.53,NG,1627036861.0
Atar,20.5169,-13.0499,92.53,26.0,2.0,4.85,MR,1627036862.0
Hobyo,5.3505,48.5268,80.62,68.0,94.0,34.76,SO,1627036864.0
Chokurdakh,70.6333,147.9167,44.8,66.0,3.0,12.24,RU,1627036865.0
Lagoa,39.05,-27.9833,69.28,89.0,94.0,14.0,PT,1627036867.0
Vorotynets,56.0603,45.8633,71.15,44.0,51.0,12.5,RU,1627036868.0
Mulegé,26.8833,-111.9833,86.02,54.0,50.0,3.04,MX,1627036870.0
Kathu,7.9178,98.3332,88.7,69.0,99.0,16.58,TH,1627036871.0
Quelimane,-17.8786,36.8883,78.75,69.0,75.0,13.8,MZ,1627036873.0
Mae Tha,18.4646,99.1403,85.82,78.0,99.0,6.06,TH,1627036874.0
Payo,-3.7508,103.6372,78.21,88.0,57.0,3.24,ID,1627036876.0
Huarmey,-10.0681,-78.1522,62.82,87.0,64.0,8.61,PE,1627036877.0
Washington,47.5001,-120.5015,63.09,48.0,45.0,5.82,US,1627036878.0
Conner,17.7964,121.3275,79.41,86.0,100.0,3.65,PH,1627036880.0
Tura,25.5198,90.2201,78.01,90.0,83.0,9.33,IN,1627036809.0
Gravelbourg,49.8834,-106.5512,53.87,58.0,14.0,6.91,CA,1627036883.0
Lipin Bor,60.2622,37.9763,61.86,64.0,89.0,11.1,RU,1627036884.0
Hokitika,-42.7167,170.9667,42.8,86.0,25.0,4.27,NZ,1627036886.0
Katsuura,35.1333,140.3,84.31,85.0,17.0,7.58,JP,1627036887.0
Usinsk,65.9939,57.5281,63.37,47.0,86.0,14.52,RU,1627036889.0
Oistins,13.0667,-59.5333,80.69,83.0,20.0,18.41,BB,1627036890.0
Türkan,40.3639,50.215,86.18,66.0,20.0,29.93,AZ,1627036892.0
Sangar,63.9242,127.4739,67.87,67.0,100.0,0.69,RU,1627036893.0
Clyde River,70.4692,-68.5914,34.03,93.0,90.0,20.71,CA,1627036895.0
Raudeberg,61.9875,5.1352,70.47,80.0,1.0,24.29,NO,1627036896.0
Paamiut,61.994,-49.6678,41.5,93.0,100.0,6.33,GL,1627036898.0
Ndélé,8.4109,20.6473,83.57,60.0,94.0,5.53,CF,1627036899.0
Ibrā’,22.6906,58.5334,102.97,27.0,0.0,6.76,OM,1627036705.0
Mount Isa,-20.7333,139.5,69.57,28.0,26.0,6.91,AU,1627036902.0
Kiama,-34.6833,150.8667,55.0,90.0,100.0,1.01,AU,1627036903.0
Touros,-5.1989,-35.4608,72.5,70.0,3.0,15.99,BR,1627036905.0
Arman',59.7,150.1667,53.1,97.0,100.0,0.45,RU,1627036906.0
Ol'ga,43.7444,135.2892,74.88,88.0,54.0,0.43,RU,1627036908.0
Carutapera,-1.195,-46.02,77.23,88.0,24.0,6.38,BR,1627036909.0
Rundu,-17.9333,19.7667,71.33,7.0,23.0,9.06,NA,1627036911.0
Praia da Vitória,38.7333,-27.0667,71.76,88.0,75.0,7.34,PT,1627036912.0
Soma,39.1855,27.6094,86.99,28.0,0.0,21.47,TR,1627036913.0
Nizhniy Kuranakh,58.8353,125.4869,66.96,99.0,100.0,2.91,RU,1627036915.0
Qaqortoq,60.7167,-46.0333,46.9,88.0,85.0,7.25,GL,1627036916.0
Guiyang,26.5833,106.7167,73.89,83.0,40.0,4.47,CN,1627036698.0
Kapit,2.0167,112.9333,82.09,73.0,100.0,2.01,MY,1627036919.0
Teya,60.3778,92.6267,80.26,45.0,93.0,1.77,RU,1627036921.0
Harper,4.375,-7.7169,80.06,69.0,74.0,11.21,LR,1627036922.0
Comonfort,20.7167,-100.7667,58.28,92.0,77.0,3.76,MX,1627036924.0
Lékoni,-1.5843,14.2591,87.6,38.0,95.0,8.01,GA,1627036926.0
Bull Savanna,17.8868,-77.5902,74.34,79.0,15.0,7.67,JM,1627036928.0
Novo Aripuanã,-5.1206,-60.3797,73.56,91.0,58.0,0.31,BR,1627036929.0
Yokadouma,3.5167,15.05,81.97,65.0,78.0,3.96,CM,1627036932.0
Koszalin,54.1944,16.1722,69.67,55.0,10.0,9.42,PL,1627036933.0
Maceió,-9.6658,-35.7353,72.84,100.0,40.0,2.3,BR,1627036935.0
Nandigāma,16.7833,80.3,93.0,74.0,100.0,15.75,IN,1627036936.0
Mauá,-23.6678,-46.4614,57.36,83.0,2.0,5.61,BR,1627036939.0
Padang,-0.9492,100.3543,86.05,78.0,53.0,2.57,ID,1627036940.0
Shahr-e Kord,32.3256,50.8644,94.77,11.0,40.0,11.5,IR,1627036942.0
Juneau,58.3019,-134.4197,57.25,88.0,90.0,6.91,US,1627036828.0
Tezu,27.9167,96.1667,91.09,73.0,31.0,0.25,IN,1627036945.0
Sibolga,1.7427,98.7792,82.15,76.0,96.0,2.44,ID,1627036946.0
Kamenka,51.3223,42.7678,77.88,33.0,0.0,7.94,RU,1627036947.0
Aripuanã,-9.1667,-60.6333,66.18,61.0,0.0,2.68,BR,1627036949.0
Sawākin,19.1059,37.3321,103.06,35.0,100.0,16.53,SD,1627036951.0
Bama,11.5221,13.6856,84.33,60.0,86.0,14.34,NG,1627036952.0
General Roca,-39.0333,-67.5833,39.6,42.0,100.0,5.53,AR,1627036954.0
San Patricio,28.017,-97.5169,84.09,90.0,3.0,8.63,US,1627036956.0
Quepos,9.4236,-84.1652,81.7,89.0,98.0,1.83,CR,1627036958.0
Manutuke,-38.6833,177.9167,48.97,89.0,89.0,5.01,NZ,1627036959.0
Peterhead,57.5058,-1.7981,65.44,86.0,58.0,7.0,GB,1627036961.0
Camacha,33.0833,-16.3333,72.82,64.0,40.0,17.27,PT,1627036962.0
Bindura,-17.3019,31.3306,76.93,23.0,52.0,8.93,ZW,1627036965.0
Vanimo,-2.6741,141.3028,78.6,90.0,87.0,7.07,PG,1627036966.0
Margate,51.3813,1.3862,73.18,75.0,72.0,16.08,GB,1627036968.0
Linares,-35.85,-71.6,45.37,89.0,100.0,3.13,CL,1627036706.0
Semīrom,31.4167,51.5667,88.81,14.0,35.0,7.94,IR,1627036971.0
Bohodukhiv,50.1647,35.5276,75.24,31.0,3.0,11.01,UA,1627036972.0
Gao,16.6362,1.637,95.74,34.0,91.0,13.24,ML,1627036975.0
Faanui,-16.4833,-151.75,77.94,67.0,94.0,16.93,PF,1627036976.0
Sabang,5.8933,95.3214,83.98,77.0,100.0,23.94,ID,1627036978.0
Juba,4.8517,31.5825,90.81,45.0,98.0,3.51,SS,1627036877.0
Sutton,51.35,-0.2,75.9,60.0,40.0,1.99,GB,1627036872.0
Kavieng,-2.5744,150.7967,82.47,76.0,55.0,10.54,PG,1627036981.0
Saint Anthony,45.0205,-93.218,75.83,77.0,75.0,1.99,US,1627036983.0
Kozan,37.4552,35.8157,95.9,14.0,0.0,7.25,TR,1627036984.0
Shakawe,-18.3667,21.85,71.83,7.0,46.0,8.34,BW,1627036986.0
Nioro,13.35,-15.75,85.1,52.0,15.0,8.93,GM,1627036987.0
Ancud,-41.8697,-73.8203,35.13,85.0,4.0,4.32,CL,1627036989.0
Les Cayes,18.2,-73.75,76.84,88.0,24.0,3.04,HT,1627036990.0
Naze,28.3667,129.4833,77.92,91.0,100.0,27.11,JP,1627036992.0
Grindavik,63.8424,-22.4338,57.56,100.0,90.0,12.66,IS,1627036993.0
Eyemouth,55.8713,-2.0901,68.81,71.0,98.0,5.01,GB,1627036995.0
Dimbokro,6.6451,-4.7048,77.47,80.0,100.0,5.77,CI,1627036996.0
Lucapa,-8.4192,20.7447,88.3,16.0,92.0,8.63,AO,1627036998.0
Bulgan,48.8125,103.5347,74.77,71.0,94.0,3.47,MN,1627036999.0
Srednekolymsk,67.45,153.6833,61.75,53.0,65.0,6.46,RU,1627037001.0
Cleveland,41.4995,-81.6954,62.82,86.0,75.0,0.0,US,1627036726.0
Tapah,4.2004,101.2598,90.99,82.0,97.0,1.45,MY,1627037003.0
Kamina,-8.7386,24.9906,85.66,20.0,0.0,8.81,CD,1627037005.0
Punto Fijo,11.6956,-70.1996,79.27,84.0,98.0,24.83,VE,1627037006.0
Antsohihy,-14.8796,47.9875,91.09,22.0,4.0,11.88,MG,1627037008.0
Luanda,-8.8368,13.2343,75.54,66.0,54.0,8.86,AO,1627037009.0
Leopold,-38.1833,144.4667,48.83,80.0,90.0,3.0,AU,1627037010.0
Qasigiannguit,68.8193,-51.1922,44.85,96.0,100.0,7.18,GL,1627037012.0
Thatta,24.7475,67.9235,95.49,49.0,91.0,16.93,PK,1627037014.0
Balaipungut,1.05,101.2833,86.41,58.0,86.0,1.3,ID,1627037015.0
The Pas,53.8251,-101.2541,62.62,77.0,1.0,16.82,CA,1627037017.0
Tres Arroyos,-38.3739,-60.2798,47.55,84.0,93.0,9.08,AR,1627037018.0
Lumeje,-11.55,20.7833,79.9,16.0,85.0,10.78,AO,1627037021.0
Mossamedes,-15.1961,12.1522,77.38,55.0,0.0,5.97,AO,1627037022.0
Port Blair,11.6667,92.75,82.62,82.0,85.0,20.67,IN,1627037024.0
Acapulco de Juárez,16.8634,-99.8901,78.37,82.0,97.0,3.83,MX,1627037025.0
Palmer,42.1584,-72.3287,64.4,85.0,20.0,0.0,US,1627037026.0
Fortuna,40.5982,-124.1573,56.48,92.0,90.0,0.0,US,1627037028.0
Krasnoyarskiy,51.965,59.8967,92.39,28.0,94.0,9.42,RU,1627037029.0
Taoudenni,22.6783,-3.9836,107.11,18.0,0.0,6.76,ML,1627037031.0
Nampula,-15.1165,39.2666,78.75,57.0,75.0,12.66,MZ,1627037032.0
Aleysk,52.4926,82.7822,70.16,80.0,100.0,1.81,RU,1627037034.0
Nyurba,63.2842,118.3319,63.64,83.0,100.0,2.98,RU,1627037035.0
Noumea,-22.2763,166.4572,72.0,99.0,87.0,7.83,NC,1627036748.0
Price,39.5994,-110.8107,65.46,77.0,40.0,10.36,US,1627037038.0
Wahpeton,46.2652,-96.6059,75.02,94.0,1.0,5.75,US,1627037039.0
Östersund,63.1792,14.6357,60.62,67.0,92.0,18.41,SE,1627037041.0
Celestún,20.8667,-90.4,76.24,90.0,2.0,9.37,MX,1627037042.0
Karratha,-20.7377,116.8463,78.67,27.0,70.0,12.06,AU,1627037044.0
Yangi Marg`ilon,40.4272,71.7189,97.52,17.0,0.0,4.61,UZ,1627037045.0
Yelan’-Kolenovskiy,51.1632,41.151,76.59,38.0,0.0,8.52,RU,1627037049.0
Bandarbeyla,9.4942,50.8122,88.45,50.0,58.0,29.53,SO,1627037051.0
Semey,50.4111,80.2275,86.22,39.0,75.0,8.95,KZ,1627036916.0
Pochutla,15.7432,-96.4661,77.83,81.0,47.0,4.45,MX,1627037053.0
Raja,8.4596,25.678,88.07,48.0,98.0,5.66,SS,1627037055.0
Syracuse,37.0881,15.2792,92.62,69.0,0.0,10.11,IT,1627037056.0
Bambanglipuro,-7.95,110.2833,78.28,80.0,31.0,12.62,ID,1627037058.0
São Félix do Xingu,-6.6447,-51.995,73.33,56.0,6.0,2.3,BR,1627037059.0
Pisco,-13.7,-76.2167,62.65,77.0,90.0,1.14,PE,1627037060.0
La Ronge,55.1001,-105.2842,53.85,82.0,20.0,5.75,CA,1627037063.0
Fukuechō,32.6881,128.8419,80.96,78.0,0.0,4.61,JP,1627037066.0
Sambava,-14.2667,50.1667,75.56,67.0,7.0,15.32,MG,1627037067.0
Rawson,-43.3002,-65.1023,47.23,46.0,65.0,17.47,AR,1627037069.0
Boa Vista,2.8197,-60.6733,76.98,94.0,75.0,2.3,BR,1627037070.0
Bubaque,11.2833,-15.8333,80.02,82.0,68.0,8.97,GW,1627037072.0
Río Gallegos,-51.6226,-69.2181,35.65,75.0,0.0,25.32,AR,1627037073.0
Dzaoudzi,-12.7887,45.2699,82.29,65.0,75.0,11.5,YT,1627037075.0
São João da Barra,-21.6403,-41.0511,62.69,75.0,67.0,4.41,BR,1627037076.0
Pemangkat,1.1667,108.9667,83.53,77.0,97.0,13.15,ID,1627037078.0
Yar-Sale,66.8333,70.8333,50.47,97.0,100.0,27.31,RU,1627037082.0
Ribeira Grande,38.5167,-28.7,72.0,83.0,75.0,8.05,PT,1627037083.0
Wanning,18.8003,110.3967,83.62,82.0,46.0,9.66,CN,1627037084.0
Mackay,-21.15,149.2,69.78,83.0,3.0,14.97,AU,1627036976.0
Port Augusta,-32.5,137.7667,51.94,75.0,99.0,12.03,AU,1627037088.0
Kang,-23.6752,22.7876,58.6,15.0,0.0,8.61,BW,1627037090.0
Auki,-8.7676,160.7034,77.72,84.0,5.0,4.97,SB,1627037091.0
Gambēla,8.25,34.5833,86.83,57.0,76.0,4.79,ET,1627037093.0
Piaçabuçu,-10.4056,-36.4344,77.32,72.0,32.0,13.18,BR,1627037094.0
Cherskiy,68.75,161.3,49.73,70.0,83.0,8.88,RU,1627037096.0
Senanga,-16.1167,23.2667,80.28,10.0,93.0,7.58,ZM,1627037097.0
Alta Floresta,-9.8756,-56.0861,68.32,52.0,3.0,3.33,BR,1627037099.0
Butte,39.6499,-121.5677,73.17,55.0,1.0,0.0,US,1627037100.0
Vysokopillya,47.4919,33.5306,75.58,38.0,0.0,10.4,UA,1627037101.0
Beipiao,41.7919,120.7792,77.16,73.0,100.0,10.85,CN,1627037103.0
Sittwe,20.15,92.9,82.85,83.0,100.0,16.89,MM,1627037104.0
Redmond,47.674,-122.1215,57.34,78.0,26.0,1.01,US,1627037106.0
Marsh Harbour,26.5412,-77.0636,81.3,76.0,100.0,10.38,BS,1627037107.0
Teaca,46.9167,24.5167,76.08,56.0,91.0,3.98,RO,1627037109.0
Luxor,25.6989,32.6421,100.45,23.0,0.0,13.8,EG,1627037110.0
Neiafu,-18.65,-173.9833,78.04,85.0,16.0,14.18,TO,1627037113.0
Pithāpuram,17.1167,82.2667,89.92,80.0,100.0,12.97,IN,1627037115.0
Bad Bevensen,53.0833,10.5833,72.25,64.0,100.0,3.96,DE,1627037116.0
Vestmannaeyjar,63.4427,-20.2734,54.59,94.0,90.0,16.11,IS,1627037118.0
Berdigestyakh,62.0989,126.6992,67.28,70.0,100.0,1.36,RU,1627037119.0
Cayenne,4.9333,-52.3333,77.09,90.0,20.0,1.14,GF,1627037121.0
Jiuquan,39.7432,98.5174,98.82,16.0,5.0,14.41,CN,1627037122.0
Yeppoon,-23.1333,150.7333,65.98,88.0,0.0,11.21,AU,1627037124.0
Merauke,-8.4667,140.3333,77.09,78.0,18.0,13.87,ID,1627036839.0
Longyearbyen,78.2186,15.6401,48.04,71.0,75.0,19.57,SJ,1627037127.0
Ternate,0.8,127.4,81.75,81.0,40.0,11.56,ID,1627037128.0
Aykhal,66.0,111.5,71.65,34.0,67.0,6.78,RU,1627037130.0
Wad Medani,14.4012,33.5199,94.91,38.0,57.0,11.3,SD,1627037131.0
Chifeng,42.2683,118.9636,79.18,58.0,42.0,11.03,CN,1627037133.0
Broken Hill,-31.95,141.4333,44.31,87.0,91.0,8.05,AU,1627037136.0
Sydney Mines,46.2367,-60.2177,61.11,90.0,90.0,7.0,CA,1627037138.0
Agüimes,27.9054,-15.4461,77.63,43.0,20.0,33.38,ES,1627037140.0
Saint-Augustin,51.226,-58.6502,47.8,91.0,100.0,15.77,CA,1627037141.0
Phuthaditjhaba,-28.5242,28.8158,48.07,24.0,0.0,5.75,ZA,1627037142.0
Port Hardy,50.6996,-127.4199,53.78,100.0,90.0,2.3,CA,1627037112.0
Denpasar,-8.65,115.2167,80.26,78.0,20.0,14.97,ID,1627037145.0
Stykkisholmur,65.0757,-22.7297,53.26,96.0,100.0,11.25,IS,1627037147.0
Teluk Nibung,3.001,99.8164,83.84,76.0,82.0,5.37,ID,1627037148.0
Bronzani Majdan,44.7869,16.9311,81.18,35.0,0.0,5.86,BA,1627037150.0
Talcahuano,-36.7167,-73.1167,46.08,100.0,100.0,5.75,CL,1627037151.0
Tobermory,45.2501,-81.6665,63.99,79.0,13.0,2.39,CA,1627037153.0
Nālūt,30.3333,10.85,91.51,21.0,0.0,5.23,LY,1627037154.0
Alugan,12.2188,125.4808,83.8,68.0,100.0,12.19,PH,1627037155.0
Archidona,37.0965,-4.3887,99.82,17.0,39.0,9.08,ES,1627037157.0
Westlock,54.1502,-113.8688,57.4,62.0,84.0,10.36,CA,1627037158.0
Berbera,10.4396,45.0143,89.01,58.0,88.0,15.26,SO,1627037160.0
Okhotsk,59.3833,143.3,56.68,92.0,39.0,6.31,RU,1627037161.0
Dickinson,29.4608,-95.0513,82.94,87.0,1.0,0.0,US,1627037163.0
Biak,-0.9131,122.8766,76.19,86.0,96.0,6.67,ID,1627037165.0
Rohri,27.6922,68.8951,102.07,47.0,40.0,0.0,PK,1627037168.0
Mitsamiouli,-11.3847,43.2844,79.14,63.0,4.0,8.12,KM,1627037170.0
Abu Kamal,34.4506,40.9171,104.77,16.0,0.0,15.48,SY,1627037171.0
Marzuq,14.4,46.4667,90.36,35.0,21.0,19.84,YE,1627037172.0
Cheney,47.4874,-117.5758,57.52,38.0,75.0,6.91,US,1627037174.0
Barbacena,-21.2258,-43.7736,51.31,93.0,90.0,5.75,BR,1627037175.0
Lüderitz,-26.6481,15.1594,72.91,19.0,0.0,7.18,NA,1627037177.0
Lanzhou,36.0564,103.7922,92.48,27.0,4.0,10.85,CN,1627037178.0
Safi,32.2994,-9.2372,82.06,49.0,64.0,21.36,MA,1627037180.0
Medina del Campo,41.3124,-4.9141,79.75,22.0,72.0,16.51,ES,1627037181.0
Northam,51.0333,-4.2167,76.33,71.0,100.0,15.28,GB,1627037183.0
Moree,-29.4667,149.85,50.02,87.0,64.0,8.05,AU,1627037184.0
Nogliki,51.8333,143.1667,62.62,95.0,42.0,7.58,RU,1627037187.0
Uribia,11.7139,-72.266,79.03,80.0,86.0,17.9,CO,1627037188.0
Kamaishi,39.2667,141.8833,81.55,95.0,59.0,5.91,JP,1627037190.0
St. George's,12.0564,-61.7485,78.48,94.0,75.0,11.5,GD,1627037191.0
Ilek,51.5271,53.3831,73.15,57.0,100.0,10.63,RU,1627037193.0
Rimouski,48.4488,-68.524,59.27,86.0,64.0,7.4,CA,1627037112.0
Poum,-20.2333,164.0167,71.58,79.0,81.0,11.48,NC,1627037195.0
Santa Cruz de la Sierra,-17.8,-63.1667,66.25,82.0,0.0,8.05,BO,1627037089.0
Guerrero Negro,27.9769,-114.0611,69.13,84.0,4.0,6.6,MX,1627037198.0
Werda,-25.2667,23.2833,56.61,13.0,0.0,9.91,BW,1627037200.0
Sānchi,23.4833,77.7333,76.32,66.0,88.0,10.87,IN,1627037201.0
Dothan,31.2232,-85.3905,77.18,77.0,1.0,3.44,US,1627036911.0
Havre-St-Pierre,50.2334,-63.5986,57.56,100.0,90.0,2.3,CA,1627037204.0
Vanavara,60.34,102.2797,76.15,46.0,58.0,5.7,RU,1627037205.0
Aguadilla,18.4275,-67.1541,77.65,92.0,47.0,1.99,PR,1627037207.0
Buala,-8.145,159.5921,80.22,84.0,7.0,6.89,SB,1627037208.0
Whitehorse,60.7161,-135.0538,54.37,58.0,75.0,8.01,CA,1627037210.0
Nānākuli,21.3906,-158.1547,78.75,69.0,1.0,5.75,US,1627037211.0
Inhambane,-23.865,35.3833,69.78,56.0,40.0,14.0,MZ,1627037212.0
Cochabamba,-17.3895,-66.1568,52.81,59.0,0.0,3.44,BO,1627037214.0
Hambantota,6.1241,81.1185,88.14,70.0,75.0,16.11,LK,1627037215.0
Virginia Beach,36.8529,-75.978,70.02,84.0,40.0,3.44,US,1627037218.0
Sandwick,60.0,-1.25,53.42,87.0,90.0,4.61,GB,1627037221.0
Sumenep,-7.0167,113.8667,79.88,75.0,17.0,9.53,ID,1627037222.0
Lillehammer,61.1146,10.4674,76.5,39.0,2.0,0.92,NO,1627037224.0
Quryq,43.2,51.65,92.52,34.0,95.0,16.49,KZ,1627037225.0
Biloela,-24.4167,150.5,60.76,84.0,46.0,10.4,AU,1627037227.0
Maragogi,-9.0122,-35.2225,75.79,82.0,37.0,14.32,BR,1627037211.0
Puttūr,12.7667,75.2167,82.51,90.0,100.0,7.0,IN,1627037229.0
Dingzhou,38.5131,114.9956,86.11,79.0,75.0,4.05,CN,1627037231.0
Knysna,-34.0363,23.0471,55.78,72.0,96.0,1.36,ZA,1627037232.0
Agbor,6.2518,6.1934,79.16,77.0,100.0,6.67,NG,1627037234.0
Yumen,40.2833,97.2,98.08,18.0,18.0,19.26,CN,1627037235.0
Kirkenær,60.4564,12.0582,74.03,39.0,53.0,5.06,NO,1627037237.0
Marathon,44.9,-89.7668,69.33,91.0,90.0,3.44,US,1627037238.0
Tarsus,36.9188,34.8784,97.18,50.0,2.0,14.92,TR,1627037240.0
Helong,42.5397,128.9972,79.3,78.0,98.0,1.9,CN,1627037241.0
Aracruz,-19.8203,-40.2733,63.61,69.0,80.0,3.65,BR,1627037242.0
Adrar,20.5022,-10.0711,99.57,17.0,1.0,9.78,MR,1627037245.0
Abnūb,27.2696,31.1511,98.82,17.0,0.0,16.33,EG,1627037247.0
Caravelas,-17.7125,-39.2481,71.58,63.0,100.0,10.31,BR,1627037248.0
Aden,12.7794,45.0367,88.93,63.0,99.0,9.33,YE,1627037249.0
Banjar,-8.19,114.9675,80.46,85.0,49.0,8.32,ID,1627037107.0
Antropovo,58.3988,43.0066,56.86,94.0,99.0,8.19,RU,1627037252.0
Cullman,34.1748,-86.8436,74.39,94.0,75.0,0.0,US,1627037218.0
Ugoofaaru,5.6667,73.0,83.39,74.0,97.0,14.88,MV,1627037255.0
Danville,36.586,-79.395,68.58,95.0,1.0,0.0,US,1627037256.0
Nhulunbuy,-12.2333,136.7667,74.01,83.0,40.0,3.44,AU,1627037258.0
Kharp,66.8014,65.8081,49.35,90.0,100.0,15.26,RU,1627037259.0
Baharly,38.4362,57.4316,107.73,8.0,0.0,6.51,TM,1627037261.0
Geraldton,-28.7667,114.6,63.12,77.0,62.0,6.91,AU,1627037262.0
Ust'-Ilimsk,58.0006,102.6619,77.86,44.0,42.0,5.7,RU,1627037264.0
Newport,51.5877,-2.9984,79.09,70.0,100.0,12.48,GB,1627037265.0
Muisne,0.6,-80.0333,73.74,85.0,100.0,4.81,EC,1627037268.0
Baghdad,33.3406,44.4009,107.51,23.0,0.0,10.36,IQ,1627037024.0
Agen,44.2,0.6333,89.15,65.0,0.0,2.3,FR,1627037270.0
Erzincan Province,39.75,39.5,81.7,30.0,75.0,13.8,TR,1627037272.0
Manokwari,-0.8667,134.0833,80.82,79.0,78.0,5.68,ID,1627037273.0
Paarl,-33.7338,18.9752,59.02,48.0,0.0,4.0,ZA,1627037275.0
Jiayuguan City,39.8167,98.3,96.31,18.0,5.0,16.6,CN,1627037276.0
Agropoli,40.3469,14.9966,90.91,57.0,1.0,7.87,IT,1627037278.0
Majene,-3.5403,118.9707,80.56,82.0,100.0,7.74,ID,1627037279.0
Lokosovo,61.1333,74.8167,87.04,42.0,16.0,20.4,RU,1627037281.0
Caltagirone,37.2368,14.5126,90.84,31.0,0.0,11.3,IT,1627037282.0
Ust-Tsilma,65.441,52.1498,59.81,55.0,79.0,4.09,RU,1627037283.0
Goya,-29.14,-59.2626,56.86,57.0,1.0,6.31,AR,1627037285.0
Atascadero,35.4894,-120.6707,57.29,77.0,42.0,1.05,US,1627037286.0
Wick,58.4333,-3.0833,53.65,87.0,75.0,5.75,GB,1627037288.0
Guaymas,27.9333,-110.9,79.88,74.0,56.0,9.26,MX,1627037218.0
Vadsø,70.0744,29.7487,49.08,66.0,75.0,18.41,NO,1627037292.0
Hayden,47.766,-116.7866,57.76,69.0,1.0,0.0,US,1627037293.0
Longjiang,47.3303,123.1836,77.81,76.0,35.0,11.14,CN,1627037295.0
Bonavista,48.6499,-53.1147,53.11,97.0,100.0,10.6,CA,1627037296.0
Tafresh,34.692,50.013,95.76,11.0,0.0,4.34,IR,1627037298.0
Puerto Carreño,6.189,-67.4859,73.87,95.0,71.0,3.83,CO,1627037000.0
Jumla,29.2747,82.1838,70.88,84.0,96.0,3.91,NP,1627037300.0
Boshnyakovo,49.6333,142.1667,63.82,99.0,75.0,4.21,RU,1627037302.0
Vao,-22.6667,167.4833,70.21,75.0,100.0,10.04,NC,1627037303.0
Konstantinovka,49.6167,127.9833,85.06,60.0,13.0,13.49,RU,1627037305.0
Dunedin,-45.8742,170.5036,45.81,75.0,12.0,1.01,NZ,1627037257.0
Burnie,-41.0667,145.9167,47.91,84.0,100.0,8.23,AU,1627037307.0
Zeya,53.75,127.2667,73.83,90.0,66.0,8.1,RU,1627037309.0
Lázaro Cárdenas,17.9583,-102.2,78.48,86.0,98.0,4.18,MX,1627037310.0
Sola,-13.8833,167.55,80.31,79.0,52.0,17.58,VU,1627037312.0
Rasūlābād,26.75,80.4833,93.15,46.0,90.0,2.35,IN,1627037313.0
Seddon,-37.8068,144.8916,49.78,82.0,90.0,5.01,AU,1627037315.0
Havøysund,70.9963,24.6622,47.28,88.0,100.0,23.11,NO,1627037316.0
Ulety,51.3572,112.4849,72.3,52.0,18.0,8.86,RU,1627037317.0
Hammerfest,70.6634,23.6821,46.85,76.0,75.0,11.5,NO,1627037319.0
Berlevåg,70.8578,29.0864,46.35,87.0,75.0,23.02,NO,1627037322.0
Torrington,41.8007,-73.1212,63.66,87.0,32.0,1.01,US,1627037323.0
Imeni Poliny Osipenko,52.4201,136.4853,82.72,65.0,35.0,1.68,RU,1627037324.0
Rome,43.2128,-75.4557,62.46,95.0,20.0,0.0,US,1627037043.0
Alofi,-19.0595,-169.9187,75.09,100.0,8.0,6.91,NU,1627037327.0
Aasiaat,68.7098,-52.8699,38.08,98.0,100.0,8.57,GL,1627037329.0
Whitianga,-36.8333,175.7,46.02,88.0,30.0,3.47,NZ,1627037330.0
Coyhaique,-45.5752,-72.0662,35.55,93.0,0.0,6.91,CL,1627037331.0
Kaitong,44.8135,123.15,86.7,37.0,45.0,19.06,CN,1627037333.0
Kumul,42.8,93.45,93.79,27.0,100.0,16.51,CN,1627037334.0
Marabu,4.4148,114.0089,86.14,79.0,20.0,4.61,MY,1627037336.0
Sisimiut,66.9395,-53.6735,41.23,92.0,100.0,10.36,GL,1627037337.0
Roald,62.5833,6.1333,72.16,77.0,0.0,16.11,NO,1627037339.0
